{
  "drug_primary": "IKE",
  "drug_primary_pmid": 30799221,
  "population": "NCG SUDHL6 xenograft",
  "route": "IP",
  "dose_mg_per_kg": 50,
  "measured": {
    "plasma": {
      "Tmax": 1.35,
      "Cmax": 5185.0,
      "thalf": 1.83,
      "AUC": 10926.0
    },
    "tumor": {
      "Tmax": 3.3,
      "Cmax": 2516.0,
      "thalf": 3.5,
      "AUC": 9857.0
    },
    "partition_kp_auc_ratio": 0.9022,
    "plasma_to_tumor_tmax_delay_h": 1.95
  },
  "multicompartment_finding": {
    "plasma_auc_over_cmax_h": 2.107,
    "one_cmt_floor_e_tmax_h": 3.67,
    "below_one_cmt_floor": true,
    "shortfall_fraction": 0.426
  },
  "plasma_fit": {
    "params": {
      "ka": 1.281804,
      "ke": 0.378769,
      "scale": 12272.614054
    },
    "predicted": {
      "Tmax": 1.35,
      "Cmax": 5185.0,
      "thalf": 1.83,
      "AUC": 22826.835
    },
    "rel_residual": {
      "Tmax": -0.0,
      "Cmax": 0.0,
      "thalf": -0.0,
      "AUC": 1.0892
    },
    "max_abs_rel_residual": 1.0892
  },
  "tumor_derived": {
    "k_pt_per_h": 0.17867,
    "k_te_per_h": 0.19804,
    "predicted": {
      "Tmax": 4.543,
      "Cmax": 1946.456,
      "thalf": 3.573,
      "AUC": 20593.457
    },
    "rel_residual_out_of_fit": {
      "Tmax": 0.3767,
      "Cmax": -0.2264,
      "thalf": 0.0209,
      "AUC": 1.0892
    },
    "tmax_pred_h": 4.543,
    "tmax_meas_h": 3.3
  },
  "sorafenib_anchor": {
    "CL_F_L_per_h": 8.13,
    "V_F_L": 213.0,
    "derived_terminal_thalf_h": 18.16,
    "cavg_ss_mg_per_L_400mg_BID": 4.1,
    "clinical_cavg_ss_range_mg_per_L": [
      3.0,
      5.0
    ],
    "in_clinical_range": true
  },
  "frompk_series": {
    "time_h": [
      0.0,
      0.25,
      0.5,
      0.75,
      1.0,
      1.25,
      1.5,
      1.75,
      2.0,
      2.25,
      2.5,
      2.75,
      3.0,
      3.25,
      3.5,
      3.75,
      4.0,
      4.25,
      4.5,
      4.75,
      5.0,
      5.25,
      5.5,
      5.75,
      6.0,
      6.25,
      6.5,
      6.75,
      7.0,
      7.25,
      7.5,
      7.75,
      8.0,
      8.25,
      8.5,
      8.75,
      9.0,
      9.25,
      9.5,
      9.75,
      10.0,
      10.25,
      10.5,
      10.75,
      11.0,
      11.25,
      11.5,
      11.75,
      12.0
    ],
    "plasma_norm": [
      0.0,
      0.43512,
      0.71163,
      0.87656,
      0.96374,
      0.99743,
      0.99497,
      0.9687,
      0.92735,
      0.87708,
      0.82217,
      0.76554,
      0.7092,
      0.65442,
      0.60205,
      0.55256,
      0.50619,
      0.46304,
      0.42308,
      0.38622,
      0.35231,
      0.3212,
      0.2927,
      0.26663,
      0.24281,
      0.22108,
      0.20125,
      0.18317,
      0.1667,
      0.15169,
      0.13803,
      0.12558,
      0.11426,
      0.10395,
      0.09457,
      0.08604,
      0.07827,
      0.0712,
      0.06477,
      0.05892,
      0.0536,
      0.04876,
      0.04435,
      0.04035,
      0.0367,
      0.03339,
      0.03037,
      0.02763,
      0.02513
    ],
    "tumor_norm": [
      0.0,
      0.01024,
      0.03526,
      0.06853,
      0.10557,
      0.14337,
      0.17996,
      0.21412,
      0.24512,
      0.27261,
      0.29647,
      0.31674,
      0.33356,
      0.34714,
      0.35773,
      0.36559,
      0.37098,
      0.37416,
      0.37537,
      0.37486,
      0.37283,
      0.36948,
      0.36499,
      0.35953,
      0.35325,
      0.34629,
      0.33875,
      0.33076,
      0.32239,
      0.31375,
      0.3049,
      0.29591,
      0.28684,
      0.27773,
      0.26863,
      0.25959,
      0.25063,
      0.24177,
      0.23305,
      0.22449,
      0.21609,
      0.20788,
      0.19987,
      0.19206,
      0.18446,
      0.17707,
      0.16991,
      0.16296,
      0.15624
    ],
    "note": "normalized to fitted plasma Cmax; 1-cmt shape (Cmax/Tmax/terminal-slope accurate, terminal over-sustained because the fast distribution phase is omitted); usable as DoseSchedule::FromPk (#239). Rescale to measured AUC for exposure-sensitive uses."
  }
}
