grid_dim,radius_um,size_aware,kill_rate,total_tumor,total_dead
16,144.0,false,0.036106,1551,56
16,144.0,true,0.000000,1551,0
24,216.0,false,0.016169,5257,85
24,216.0,true,0.000000,5257,0
32,288.0,false,0.008298,12533,104
32,288.0,true,0.000638,12533,8
48,432.0,false,0.003080,42211,130
48,432.0,true,0.002890,42211,122
60,540.0,false,0.001854,82519,153
60,540.0,true,0.001927,82519,159
