grid_dim,radius_um,size_aware,kill_rate,total_tumor,total_dead
16,144.0,false,0.037395,1551,58
16,144.0,true,0.000000,1551,0
24,216.0,false,0.016359,5257,86
24,216.0,true,0.000000,5257,0
32,288.0,false,0.008857,12533,111
32,288.0,true,0.000718,12533,9
48,432.0,false,0.002914,42211,123
48,432.0,true,0.002867,42211,121
60,540.0,false,0.001854,82519,153
60,540.0,true,0.001975,82519,163
